0001.png,tree_pose,552.34186,140.0101,-415.79315,562.22577,122.4408,-379.53934,568.1088,122.247696,-379.58972,572.99567,121.87151,-379.59473,540.18066,123.40034,-376.63095,532.68835,123.79689,-376.73837,525.6617,123.79629,-376.81442,583.6939,130.14392,-146.49074,514.9106,131.94606,-136.74365,565.1839,163.05663,-326.10245,538.5377,161.09212,-323.32483,647.20337,247.84203,-36.018448,454.88303,244.1755,-1.4091227,699.26154,379.77844,-251.19124,403.15155,379.27798,-220.9713,575.8823,328.63116,-609.8838,531.25684,326.2273,-604.7441,560.295,301.09302,-674.07916,554.57367,298.06018,-687.8362,557.82166,286.1955,-650.0159,549.0251,284.99738,-651.31287,560.0455,296.01675,-603.2348,544.6203,294.46445,-595.92426,576.87714,534.42664,-55.133194,475.5827,522.515,55.216927,544.9238,763.90137,-5.4397235,309.18018,675.0677,-264.27582,516.488,970.2278,271.9926,498.37598,616.7562,418.35437,504.6527,997.85486,291.12543,524.4818,597.5964,493.2054,522.5836,1025.1356,88.3426,542.0965,694.128,506.87082
0002.png,tree_pose,450.09518,244.19987,-442.56616,456.8045,231.34602,-405.2956,461.76794,232.61879,-405.22534,466.6734,233.71037,-405.32446,438.23303,229.84375,-403.69717,431.33408,229.86015,-403.84958,425.11023,230.15608,-403.88998,473.684,246.36674,-235.46524,415.7703,242.28732,-228.2809,460.3974,262.99692,-383.47214,438.69034,260.7795,-380.67606,525.2785,336.64368,-241.51936,373.2553,344.4271,-171.53543,598.0535,227.44937,-382.07455,288.15506,237.79413,-271.58377,661.6492,104.69268,-519.8479,209.17856,122.64271,-435.18234,689.7456,68.25812,-565.7703,182.09831,87.512665,-491.11703,685.97,65.11096,-585.7405,183.80948,80.159966,-510.64462,674.7931,79.666214,-542.4449,194.45767,92.56618,-460.06943,469.0965,611.07837,-55.45744,377.17697,600.296,55.534416,441.52615,804.287,-0.99794585,195.86032,681.3441,-133.86937,418.18665,1005.59064,193.4725,391.3064,682.91595,317.98416,410.4527,1028.6938,202.73848,417.7044,665.8502,362.90036,406.2278,1056.5532,-4.152477,431.4064,755.3735,342.00793
0003.png,tree_pose,321.6503,385.6525,-668.5144,331.9732,363.7638,-618.07404,340.75827,363.04465,-618.06366,348.59937,363.06873,-618.3212,305.7529,367.03665,-627.9663,296.58142,368.28455,-628.0623,289.55588,369.22986,-628.2019,358.12982,381.01956,-376.48727,281.03387,387.8973,-416.9333,341.62335,407.5339,-578.72974,308.7296,408.23102,-591.3753,416.45703,492.4981,-326.15463,237.83905,503.93835,-477.2755,414.8494,303.12006,-478.40643,217.3178,310.2579,-749.41736,341.45175,133.82953,-574.24,283.50922,142.10043,-744.50275,322.71985,91.39663,-623.57733,301.2925,97.25283,-802.6013,318.35562,88.44799,-614.0366,300.32477,95.86689,-756.5569,321.15567,103.907166,-580.81024,297.68658,111.66103,-735.7103,403.12915,842.33246,77.10513,287.43338,869.27527,-77.44051,627.1295,958.38617,-174.25545,322.40057,1145.4696,-150.28963,383.8352,992.06506,441.06674,352.18576,1384.3274,247.3856,346.62643,974.2635,502.4531,357.99838,1411.9551,275.36044,335.14706,1088.925,428.20944,357.77933,1446.8806,39.578365
0004.png,tree_pose,474.34296,328.16754,-457.46527,486.5764,310.737,-418.53516,494.5222,311.2112,-418.54248,500.24094,311.53876,-418.7244,463.3561,310.9836,-407.51712,454.8921,311.61783,-407.61987,448.13638,312.30234,-407.71802,509.94016,325.33725,-217.96642,443.35223,323.45135,-164.62305,489.93738,349.81937,-385.81497,459.89008,350.9258,-370.46988,566.1616,413.40326,-202.92238,406.08658,419.2194,-68.52878,625.99664,276.5494,-359.29266,350.91663,279.20224,-91.68584,512.3514,185.09807,-340.69492,463.8134,189.3734,-22.9699,496.06512,152.62022,-390.97662,482.45813,153.97923,-69.86477,491.67966,154.27478,-364.0767,482.61417,158.28061,-33.351246,494.18683,169.31322,-337.52707,478.92255,173.93555,-20.300014,495.99448,725.35486,-67.16715,394.7794,694.2393,67.36221,449.28406,950.5791,-23.469896,185.2249,756.0535,-158.23865,417.17877,1154.9086,203.05168,350.3777,877.3307,221.23802,399.11197,1181.1769,214.608,377.0171,867.93896,254.95763,474.2088,1213.2512,-39.743847,392.3527,959.9699,136.61426
0005.png,tree_pose,380.09747,425.2076,-632.7143,385.06647,403.4312,-568.0055,390.8404,403.57587,-567.9528,396.6134,403.7336,-568.1985,366.69598,402.1948,-577.9215,359.26407,401.50748,-577.98334,352.51544,400.90295,-578.121,403.85904,417.37354,-277.96133,338.912,417.7773,-319.20087,393.69586,453.67416,-528.5171,368.87552,450.1017,-541.1354,464.2491,526.24445,-223.71576,279.09235,534.3785,-367.08655,493.18982,324.26706,-364.53345,245.32867,330.7203,-634.6163,405.57224,160.27266,-427.9402,338.86362,159.16104,-638.5343,390.65967,114.84245,-483.69745,357.92828,111.85114,-710.4265,384.71918,119.40877,-478.3919,356.0121,116.71146,-662.42365,387.5925,138.4223,-437.26926,353.23065,136.0146,-632.6568,454.30453,897.1004,86.99275,326.09824,928.6303,-87.07917,708.6239,967.5474,-266.51617,352.5485,1225.751,-144.78366,456.46805,1073.942,352.11697,372.43854,1466.2235,270.61716,411.06454,1064.7399,409.96588,383.21127,1495.4775,295.26572,390.03546,1220.9149,272.7189,350.60806,1540.178,-2.1145592
0006.png,tree_pose,401.9325,405.67453,-556.8731,412.48282,382.25635,-500.62048,420.46375,381.9659,-500.5129,427.70923,382.07733,-500.71896,385.49512,383.26968,-509.56503,376.3024,383.47345,-509.67117,367.82333,384.07828,-509.77618,433.7996,393.36902,-257.03174,362.472,397.17188,-290.08185,420.14658,425.39215,-469.8301,388.1228,425.763,-479.786,489.9478,494.81393,-233.9829,312.41446,511.67316,-337.94156,525.33527,332.06268,-409.96426,272.50873,341.0934,-604.0897,426.59137,181.58966,-500.49927,377.258,178.3693,-599.99976,412.64243,136.96725,-559.3262,395.08652,133.79549,-664.91113,408.55823,138.24197,-539.5748,395.10904,135.56454,-611.07434,411.00458,156.1142,-503.85678,390.7648,153.05157,-590.6562,496.38797,815.5558,41.18892,375.54144,842.0022,-41.320564,691.2272,973.2345,-303.293,355.50726,1082.6195,-150.47473,474.67685,1004.8368,334.7653,390.2697,1293.0245,279.07935,427.6362,1000.1146,396.69662,408.52115,1320.3055,307.7159,397.73514,1104.847,285.942,382.07306,1385.2577,77.037674
0007.png,tree_pose,365.13806,349.05942,-520.11224,374.58548,330.13098,-464.05756,382.44235,330.60257,-463.96692,390.7134,331.0398,-464.08218,349.1589,327.82834,-456.9289,338.81226,326.66614,-457.15955,328.4079,326.2027,-457.34613,400.32434,344.93228,-219.19263,315.76617,340.67087,-180.10405,375.86728,372.80838,-434.15482,348.20956,371.20282,-423.18646,458.46246,455.58618,-275.4591,269.62903,453.78625,-130.2469,485.7402,278.01407,-554.5278,230.52715,267.88446,-234.65968,386.73267,126.12281,-581.3936,337.2967,129.02335,-170.11093,368.50076,87.540436,-645.5299,354.01514,91.78306,-237.39394,363.156,89.07295,-614.07275,352.88412,95.48265,-191.92822,367.02344,103.81077,-578.8388,349.77322,110.15914,-167.77965,403.55057,827.3261,-72.539154,275.84314,809.43646,72.59255,379.25708,1076.673,-125.863594,83.70559,962.2434,-368.91388,342.11627,1313.9121,192.07237,300.2351,928.70013,412.02225,327.48807,1348.4968,211.69508,330.98862,915.4461,490.32297,335.41824,1379.8998,-49.08425,345.79492,1008.8097,459.62387
0008.png,tree_pose,429.75,387.34534,-562.43585,445.06012,363.00626,-506.00098,454.75327,362.67548,-505.87152,463.15607,362.97095,-506.0025,413.96765,364.19434,-501.06195,403.9031,363.50815,-501.23715,394.1357,363.1542,-501.41174,475.23517,377.28415,-256.1504,387.60822,375.46066,-224.53548,447.85568,412.34235,-472.75577,412.03333,411.15985,-464.04764,537.2551,490.8339,-295.67947,338.85223,488.9374,-167.87862,563.7855,320.27112,-568.19403,298.26672,313.51306,-342.1755,469.33002,153.40755,-636.36926,400.5126,162.54898,-405.4317,452.83246,108.3824,-705.7046,422.9737,112.90935,-497.8553,445.40128,107.62932,-682.04254,423.05914,113.60424,-462.4286,447.15552,124.53065,-638.2127,419.8083,133.2393,-410.8878,491.6741,860.56274,-82.86144,363.93036,844.8079,82.87078,465.74265,1119.6666,-129.6235,155.82085,1010.82227,-258.87604,412.5911,1374.4287,167.644,417.8238,993.0124,435.42773,402.42722,1408.4565,180.2316,447.31174,977.4282,500.64557,391.0766,1454.7583,-140.7155,427.558,1125.2632,426.8679
0009.png,tree_pose,326.3395,333.34393,-322.97803,332.42023,314.05447,-273.80588,338.64645,313.11365,-273.8077,345.05652,312.2565,-273.8723,315.85416,318.55518,-255.063,311.11273,320.93668,-255.12357,306.59033,322.92123,-255.2289,350.6706,332.29617,-80.847496,303.41397,340.50516,12.761238,340.5519,353.96503,-259.78046,322.6607,358.92386,-233.31563,405.44034,454.35913,-157.69821,269.2578,457.83792,76.092735,458.168,300.5956,-451.40857,216.20628,310.1608,-79.187614,351.20068,154.38142,-545.6785,308.50684,161.37791,-159.32993,337.3716,111.05322,-631.7254,323.5813,112.030815,-239.68787,335.6476,103.330536,-591.7656,321.80652,104.10811,-203.54373,337.8211,124.112976,-541.2287,320.2975,127.94386,-162.27885,366.72272,770.2814,-112.22383,292.14838,768.4976,112.187836,362.22726,1025.8544,-122.11844,101.17535,896.48254,-47.065113,374.44302,1268.2476,202.77267,295.16434,1004.1791,526.5256,378.23898,1291.4731,219.11299,326.63535,999.04596,578.6149,358.70148,1337.41,-91.13207,310.9711,1103.4148,460.57544
0010.png,tree_pose,201.05809,239.88843,-474.05832,205.97372,226.9669,-444.12643,209.48682,226.77634,-444.10263,212.82007,226.80522,-444.21686,194.43935,227.08371,-455.1583,190.11551,227.09357,-455.2522,185.42523,227.4811,-455.3504,218.03374,232.06642,-290.01364,176.66502,234.7619,-339.12323,209.39235,253.65865,-415.957,194.81335,252.99567,-430.91797,244.78085,281.64554,-231.91203,151.69354,290.81653,-358.7353,234.1921,175.91103,-292.78928,160.19133,190.32118,-526.9598,207.96046,83.43276,-350.41272,178.49149,87.06571,-533.24036,200.45251,65.898285,-376.3693,184.25882,65.29774,-572.8872,199.05798,65.88991,-374.58652,184.99297,63.941967,-549.7523,200.63289,72.10502,-356.26624,184.82372,71.40883,-530.19116,236.82414,482.6015,52.75225,169.7845,489.55423,-53.011436,342.7911,564.4564,-58.546066,175.89395,632.8299,-149.69827,225.49173,554.5542,373.43292,183.99265,779.75726,74.8724,209.36664,542.2241,416.65198,187.588,800.0504,92.11887,192.64832,601.35645,383.27054,173.15976,828.6893,-50.42412
0011.png,tree_pose,329.114,229.3834,-249.42482,336.49567,223.23123,-217.31468,341.39792,223.9497,-217.30957,345.7638,224.95213,-217.3707,323.37552,224.11398,-210.27228,318.90146,225.13963,-210.35106,315.20288,226.30011,-210.47556,352.58395,239.64961,-89.73374,311.84662,240.71336,-54.395473,339.35202,243.16072,-206.60995,322.2232,242.65106,-196.65111,386.73605,305.3672,-149.00818,283.05664,307.9812,-40.179802,387.14603,198.0089,-303.81927,278.33215,198.57019,-130.42116,350.3292,100.04942,-331.01843,317.77505,101.82292,-165.30487,343.05304,77.772545,-372.73572,327.96603,80.4606,-215.3903,341.4862,78.34292,-359.73187,327.79596,78.15243,-202.88051,342.7607,86.54072,-332.97614,326.24194,86.363144,-172.27193,340.43774,526.3937,-50.510376,271.02936,514.3685,50.41284,319.45773,671.38934,8.723644,144.35419,594.84045,-137.27417,294.17142,804.7723,260.58124,279.58307,587.3905,312.92114,286.86346,821.38007,278.70343,297.5031,581.8671,358.2528,284.93042,842.98816,122.47067,296.49362,651.31104,340.99335
0012.png,tree_pose,398.11282,250.2499,-342.3671,408.0996,235.93567,-306.89713,413.04697,236.1787,-306.8475,419.14798,236.49086,-306.92456,388.20184,235.84259,-303.8516,380.19254,236.18047,-303.98206,373.94507,236.72255,-304.10062,424.54245,248.22702,-152.00049,367.56793,247.43102,-134.47736,408.26874,270.83267,-288.17017,384.38846,270.2393,-283.3811,457.47266,322.28827,-180.09752,336.9626,323.0581,-107.066536,475.76062,210.8934,-336.3714,318.96628,207.49066,-182.7719,410.51318,106.809044,-342.6358,379.56018,107.262054,-155.52698,398.19495,79.007706,-379.57147,392.45316,81.773705,-203.00455,395.983,77.21833,-362.85776,392.51172,80.92743,-174.0835,397.31033,86.19156,-341.83966,389.88477,89.87735,-155.28152,422.8382,562.6718,-42.197773,341.32263,557.7232,42.11276,409.02213,732.00305,-52.329906,204.06288,660.45825,-239.40388,383.1118,887.9536,152.21162,366.93677,631.73376,249.54022,374.97095,905.53107,164.97221,388.96112,618.37665,299.90268,384.7355,936.67926,0.36089253,402.56354,695.2798,289.79358
0013.png,tree_pose,415.63635,379.81708,-463.4651,422.80234,358.28867,-419.847,429.12723,357.0581,-419.84067,434.72717,355.78333,-419.95972,401.07175,360.57843,-415.95642,392.06168,361.21094,-416.09888,382.85687,362.2429,-416.30057,443.6467,361.86612,-211.57512,372.03418,373.76987,-188.43385,430.69702,401.4937,-387.0423,405.60794,402.78726,-380.73526,490.13034,452.05582,-238.60881,348.0091,464.4505,-151.4607,488.60794,284.8419,-442.8606,342.04593,298.63953,-286.43155,440.7897,137.01556,-485.05774,392.8222,142.11343,-324.6751,430.836,98.64573,-541.40295,406.3035,102.75186,-395.1206,425.94366,98.17371,-521.60266,406.59714,102.50592,-367.38818,427.1743,111.831566,-487.68213,404.8291,116.77303,-328.55298,441.35403,793.3635,-67.912476,335.73813,777.0868,67.85234,413.04922,1011.4765,2.1062489,126.27693,880.416,-256.54303,378.77747,1235.9824,371.40356,341.92355,901.3906,326.07565,370.62338,1263.3378,398.71204,371.99814,870.7004,385.7174,369.97726,1296.8015,169.05942,376.79257,984.31586,345.87296
0014.png,tree_pose,238.12486,421.8409,-541.30975,247.17598,404.04233,-488.46896,254.26555,404.6638,-488.4888,261.07736,405.46112,-488.78265,222.48091,406.2921,-502.80447,213.39842,408.50015,-502.86804,204.04962,410.27158,-502.93503,271.19955,421.52957,-251.16975,190.76967,425.5657,-312.67456,256.09085,446.15033,-455.86862,224.55038,447.22736,-474.51807,323.02524,532.5493,-221.85045,154.42566,530.6792,-379.26068,305.17493,327.20853,-355.19812,159.41536,346.9127,-642.66504,249.29462,157.96104,-422.36276,198.8192,170.60393,-617.91156,238.88377,113.857414,-470.04602,212.60876,128.10213,-670.6472,234.38753,107.86023,-451.2116,210.9115,122.95383,-626.59357,235.88536,124.45255,-426.30096,209.0506,138.57591,-611.3933,315.94122,895.692,78.27587,195.52676,922.37524,-78.68238,542.74054,1041.6448,-95.4961,228.26714,1194.9984,-165.41592,316.88763,1015.91656,566.8946,232.49792,1415.0242,263.2813,282.75748,995.89703,635.1565,229.98256,1430.0668,300.29733,266.95093,1114.4572,622.8589,246.92114,1511.7937,114.239815
0015.png,tree_pose,428.88165,327.00845,-254.88603,437.61087,306.8886,-212.378,444.5425,306.5316,-212.38371,449.9581,306.56677,-212.64452,414.08417,308.52524,-221.64323,404.3602,308.88,-221.71698,396.7475,309.25085,-221.70528,457.2027,317.19647,-21.840347,387.49316,320.34222,-58.55504,443.31235,346.52878,-184.95798,414.2706,347.04547,-195.81941,504.0996,405.93433,-27.891304,357.48944,408.8402,-85.278885,518.911,255.03209,-158.49496,348.88547,257.92148,-251.12173,448.8917,137.68071,-145.53717,410.21262,129.66089,-177.73161,436.05066,104.9608,-177.24623,420.62497,94.558266,-211.14053,433.35486,105.6225,-150.15222,422.15137,96.251495,-164.57893,436.54642,118.64253,-143.29738,421.55814,109.557365,-169.29984,502.9988,721.2618,29.3868,403.83398,739.86475,-29.436085,671.11237,872.48694,-150.16359,423.4069,975.59985,-52.305336,490.0143,793.2447,320.50296,460.1918,1179.7727,269.02643,460.01877,767.05554,374.9802,468.29315,1199.0321,295.29193,429.72192,822.7093,387.4044,448.24518,1218.7954,161.36336
0016.png,tree_pose,453.26328,364.64478,-593.72156,467.53766,344.5714,-547.433,475.7161,344.70154,-547.434,483.37955,345.17075,-547.64136,438.22946,345.6827,-537.5904,428.5388,346.18512,-537.5955,420.11563,346.2313,-537.5963,492.1301,353.9072,-311.54388,409.45825,353.9103,-259.56387,468.7468,388.134,-507.24356,435.76712,387.08658,-492.917,528.4268,457.3487,-288.46207,374.64243,453.5018,-138.72968,542.5318,279.8653,-468.66464,370.92404,280.96548,-194.26387,483.20392,148.37349,-539.33844,444.4296,145.21619,-222.84267,470.88995,133.93497,-605.81146,459.7336,133.55417,-296.84607,467.8762,133.38846,-587.53394,461.26382,135.60167,-279.2768,470.10596,137.392,-541.70123,458.3132,138.63762,-231.66187,484.45944,801.9812,-63.746986,371.36523,790.9849,63.820076,455.7731,1076.4792,-60.727753,168.04094,958.8697,-210.59706,413.3604,1285.3735,361.08963,382.2225,921.54034,514.2562,402.68533,1308.3907,392.6309,412.20383,901.10693,585.8309,406.02667,1349.0802,130.21031,393.60294,1003.0415,528.08203
0017.png,tree_pose,297.34387,99.086914,-202.4942,311.3015,82.58682,-167.49237,318.2376,83.09332,-167.49696,324.59134,83.392166,-167.59334,288.53268,82.97662,-167.322,280.6671,83.63507,-167.30122,274.2536,84.121666,-167.39195,337.90164,93.52156,20.222769,269.70114,94.284706,27.22341,314.48492,119.23162,-132.76254,285.57117,119.74904,-131.08012,396.5318,207.15666,98.36304,226.78079,222.01967,45.9351,425.03888,302.18964,-107.08541,167.7348,316.34857,-185.68074,318.57864,240.0962,-368.70892,279.79886,249.4557,-419.6416,301.4139,214.31702,-420.123,294.8583,221.3988,-469.11398,301.9016,208.82545,-384.9681,296.64523,218.60736,-438.8554,306.21954,216.95589,-359.59387,294.35547,227.35706,-409.96432,368.64612,463.40552,55.32568,274.1676,475.15332,-55.447094,544.7924,560.87134,-148.43304,316.4033,695.22705,-109.59957,348.16202,558.1595,284.00467,340.5976,900.7372,60.296093,322.30066,545.9533,327.5138,349.76028,921.18713,69.08266,325.94095,644.62384,262.74286,331.92676,942.0956,-131.58784
0018.png,tree_pose,278.57718,260.35074,-301.53824,285.35095,242.56436,-265.22128,291.2537,241.8414,-265.28613,296.5522,241.46298,-265.49994,264.98822,244.64769,-276.26263,257.04785,245.11185,-276.31265,249.87846,245.53378,-276.3972,305.91428,251.37549,-97.83189,240.55293,257.18643,-144.83516,292.5386,275.25723,-239.91281,269.01053,276.75162,-253.9384,340.86285,323.57297,-86.843735,216.43048,332.18954,-191.46779,340.0727,180.99173,-171.99832,197.44499,193.14844,-362.91745,277.17703,66.37547,-207.08083,236.72452,72.77758,-305.22134,266.3262,46.198975,-236.89236,245.11829,49.848278,-325.593,264.25555,48.066578,-217.45938,245.02051,50.84412,-285.2422,266.27524,54.98063,-207.73077,244.02219,58.126537,-295.26096,339.8422,595.7682,59.86822,257.136,608.0935,-59.84748,509.43723,687.891,-253.07733,281.4729,805.14484,-184.8297,319.07648,707.31177,74.531555,299.8515,992.0083,-16.31244,297.203,691.1286,112.458305,298.3608,1007.21655,-4.5168476,282.98254,771.2421,99.68519,348.51886,1071.7435,-147.6251
0019.png,tree_pose,336.30804,278.1115,125.87634,331.48132,266.48578,97.23952,329.08405,266.5804,97.24588,326.71277,266.7967,97.27465,337.72772,267.11526,82.81245,339.6795,267.54898,82.83731,342.23404,268.25467,82.72725,319.5102,274.37415,23.991684,344.04422,276.13104,-45.848694,333.44016,288.73642,109.08989,340.8646,290.69162,88.480705,270.77432,330.0944,69.74511,367.14304,336.7831,-130.76695,267.16,224.42502,150.62013,376.31802,244.98943,-169.58948,319.05652,143.40721,139.15405,337.34103,147.21542,-172.83191,321.31534,120.01998,129.19405,335.3713,121.629005,-197.16481,324.65283,120.8634,102.69284,332.43997,124.2625,-203.25813,324.24643,129.77623,125.33198,331.98135,134.44186,-174.53542,306.87082,546.7455,99.351494,346.5388,540.0407,-100.03782,314.82645,706.95557,145.50981,487.8387,603.3947,-157.67943,328.70477,868.1727,161.87473,344.9755,606.48596,129.03152,333.6424,891.29205,163.55638,333.25714,602.93225,165.30098,327.42703,896.88214,164.75836,335.6419,664.2667,284.76483
0020.png,tree_pose,336.1147,200.49525,-228.11397,343.861,188.59071,-199.32916,348.37286,189.24016,-199.30264,352.19128,190.01152,-199.40082,329.71628,188.02792,-194.48878,323.79208,188.44467,-194.56458,318.45215,189.1742,-194.66212,361.14783,199.94954,-77.006325,313.80426,199.30853,-51.27814,345.2066,215.74876,-186.18645,327.58728,215.65239,-178.83313,394.71906,261.9657,-113.83288,291.48898,266.5436,-6.984045,418.08713,169.59917,-241.09875,258.2386,170.60463,-22.65076,358.02686,106.34398,-248.78426,325.6239,102.4952,32.3573,348.49078,83.836716,-279.10983,337.02576,75.90125,4.436841,345.53986,83.882614,-263.54782,337.91818,78.68395,29.22088,347.12558,94.27438,-247.95909,336.17014,90.637924,33.623608,366.17975,478.3483,-54.476692,299.01205,465.66263,54.48111,348.8173,625.4367,-38.39966,177.83823,528.83655,-80.03969,335.8279,752.5731,141.5877,306.8684,532.0292,243.81233,331.8918,765.16113,153.37048,329.09637,525.7667,276.28067,331.43402,788.55145,18.745401,341.6927,588.8743,265.66315
0021.png,tree_pose,218.56528,310.3068,20.20522,213.9563,304.34467,5.085562,211.6847,304.67896,5.0964823,209.11922,304.88544,5.1357274,219.54465,304.3621,-5.0117693,221.06189,304.60947,-5.007328,222.72307,304.78674,-5.006552,202.77576,312.16,-35.736904,223.59369,312.7566,-84.10883,215.10661,319.79745,11.384872,221.12991,319.30212,-2.376476,177.14818,345.99814,7.7169037,244.87006,345.72278,-127.51752,167.48523,281.1084,30.935566,258.00775,277.17935,-146.27696,193.41135,220.3478,9.108083,216.71065,218.0356,-124.02429,188.40565,203.71046,2.281831,214.19965,200.14537,-135.43318,191.2246,205.01567,-9.943584,209.43199,202.70673,-127.55724,193.24193,212.03111,2.5459912,209.31778,211.25104,-119.44754,200.09743,504.88382,60.321896,240.59637,498.607,-60.782265,213.54468,617.52795,140.85034,331.87534,558.5893,-61.39984,217.06314,719.31903,38.69254,228.11372,609.3621,-93.75455,215.9964,731.33,26.034237,216.80559,605.66736,-93.00587,221.4282,738.80945,-2.6564236,213.73578,659.751,-76.812996
0022.png,tree_pose,463.21692,323.57944,-23.221876,457.3928,310.40558,-62.09794,454.0564,310.2091,-62.102505,450.402,309.98938,-62.051548,465.40106,311.6415,-76.060844,467.74118,312.40796,-76.08599,470.33572,313.32733,-76.197105,443.74045,318.08685,-157.86172,471.76785,321.7492,-225.28362,459.3397,335.98663,-44.142365,467.18915,337.13763,-64.30527,391.3396,388.157,-99.44695,502.2403,388.52026,-276.60596,364.4786,278.41516,-28.045965,512.2226,290.5797,-316.82974,437.70105,195.37729,-71.18423,452.40744,197.56915,-328.11896,432.69034,163.4349,-91.902954,448.96375,159.29599,-356.04526,437.61975,166.30055,-118.47186,447.5798,163.53615,-362.29745,439.2663,179.73479,-85.51906,448.1697,181.11502,-330.2068,444.1248,627.38116,80.70434,504.7473,621.60364,-81.60723,451.5124,819.71484,134.39896,637.50275,710.5372,-52.142845,474.38776,994.8129,83.78256,506.37064,760.4159,126.91941,478.60086,1016.02704,77.74831,486.23978,757.2388,151.0401,466.41058,1024.1935,24.877262,488.4716,842.39777,204.14847
0023.png,tree_pose,404.13348,321.0051,-429.56213,413.43777,299.8688,-379.39972,419.52344,300.0792,-379.39993,426.71982,300.5,-379.69785,388.1259,300.42648,-390.70364,377.94632,300.66577,-390.77338,368.3278,301.04813,-390.77206,437.46695,313.21,-147.87471,358.75192,313.93335,-193.66763,418.3845,344.7923,-345.0592,390.07874,343.23364,-358.6375,480.66605,411.42932,-125.718994,322.0136,414.97595,-209.41756,497.2855,247.11157,-238.29837,284.66547,249.2444,-400.3148,408.93973,123.05701,-254.77444,366.89465,126.238205,-366.81592,394.56848,82.02726,-297.9,379.468,80.806,-416.44064,390.8054,81.6259,-280.7144,378.91122,80.632614,-377.86188,392.46262,97.75592,-257.50104,376.71777,97.75775,-363.38412,474.55063,736.386,43.81492,361.37408,753.8076,-43.74659,659.5308,900.4796,-118.02074,397.80655,1010.16156,-57.71359,472.27005,842.59125,477.94757,434.66373,1240.9564,295.319,443.34766,815.73956,541.05804,445.67065,1271.086,321.6871,415.09778,898.1001,523.3527,401.8361,1292.207,131.72954
0024.png,tree_pose,538.52045,265.35168,-560.92426,550.59247,245.27232,-522.8504,558.5609,245.07526,-522.74176,565.8111,244.71059,-522.8382,526.0071,246.3817,-514.98035,517.3082,247.19014,-515.14734,510.39697,247.9441,-515.2791,580.55743,254.3846,-320.84662,504.53036,258.05716,-281.29172,555.2332,289.91168,-486.64865,525.1798,292.26038,-475.48492,630.5599,352.54468,-329.15152,473.82825,360.32715,-162.24423,664.6002,194.96846,-549.5699,412.96185,210.0342,-144.59526,554.6699,116.382545,-540.67706,517.1933,117.9134,-2.4684877,534.23785,87.86827,-583.0955,531.8592,87.564445,-30.4258,530.21857,88.99407,-541.0452,533.3903,92.42412,4.548752,534.3259,100.9568,-529.1812,529.7728,105.8134,3.7994478,605.28284,664.9442,-80.63,492.62213,654.7447,80.68368,566.16785,892.52966,-83.105965,294.23993,760.8766,-249.98912,526.842,1125.3561,140.58008,519.5667,756.3554,277.05646,520.17615,1154.4962,152.43709,553.0665,738.685,330.0812,523.26227,1185.7625,-93.7144,556.5427,852.6509,281.54456
0025.png,tree_pose,543.503,387.425,-516.7189,552.1322,367.4654,-475.23697,560.02155,366.73508,-475.2516,568.36096,366.80658,-475.54868,528.0693,368.8703,-483.9205,521.14636,368.46774,-484.00836,514.4297,368.1632,-484.0582,577.0896,375.6901,-277.16235,504.60507,378.2509,-311.61533,559.19666,407.34882,-443.5504,529.5123,407.0018,-453.8966,628.9172,463.7165,-258.69644,464.10233,464.69516,-339.97864,634.00073,307.0976,-411.78348,457.00702,302.7799,-543.18396,566.27325,172.13672,-490.84424,512.7171,171.68092,-528.01465,552.5232,135.81447,-537.76874,526.16736,135.64426,-567.47284,550.20123,132.29222,-512.66113,526.61646,134.27751,-533.0861,552.18555,144.74792,-490.48148,524.5536,146.52069,-523.2624,619.03894,757.7064,46.345787,512.1156,780.6474,-46.397434,805.8644,883.4552,-203.6546,563.6376,1018.37067,-121.89089,608.4337,852.2371,291.77414,586.6829,1217.9521,179.07689,573.8168,832.3408,346.59064,595.2526,1236.8018,202.04596,535.5518,917.4972,323.5929,589.0739,1259.8329,37.134415
0026.png,tree_pose,486.85013,335.2547,-411.13824,496.74933,324.43713,-360.86145,503.55786,325.32224,-360.841,509.25803,326.7,-360.91934,476.48495,325.61758,-355.6202,469.22104,326.89783,-355.75568,462.57568,328.34592,-355.9695,519.4855,347.16803,-155.34825,454.65936,347.4824,-127.230354,501.17395,356.69305,-340.5163,475.12497,354.76947,-332.92023,569.6517,446.7359,-227.42082,410.9793,447.81085,-112.6278,576.5244,286.25452,-443.9998,409.04242,281.4956,-269.13254,522.2513,141.77423,-495.39307,465.92313,137.63484,-323.63516,509.49765,102.91516,-556.2285,481.76074,103.5758,-401.29886,506.561,101.60318,-539.0092,481.4392,99.23725,-380.91342,508.52124,116.449,-499.70068,479.09366,112.924194,-332.60425,501.1579,778.71045,-71.50166,396.32593,762.3887,71.33209,468.76483,1002.2549,30.90203,204.74397,883.3486,-223.4257,432.28864,1204.3118,417.6007,406.53174,874.4111,421.81393,425.08212,1228.8502,445.17484,436.05206,865.82245,486.31265,413.86835,1260.8821,205.24277,433.46405,973.9944,444.17123
0027.png,tree_pose,515.955,414.06918,-737.6991,526.0433,389.09604,-688.40955,535.91327,387.8427,-688.41125,544.59033,387.1843,-688.71075,498.45807,393.78836,-696.12537,488.77194,395.40454,-696.23157,481.45554,397.2329,-696.3715,556.31525,403.29282,-442.58884,472.8486,414.5557,-472.19336,537.44763,435.7166,-645.13,502.2812,437.88998,-654.54144,621.3122,518.27673,-401.1251,430.58896,535.1602,-526.6471,614.8512,315.48648,-588.4433,403.06094,330.77075,-802.7078,535.8834,131.79318,-698.29626,476.7323,147.33908,-786.7892,515.91266,86.20083,-752.2299,494.70117,95.29707,-840.2014,511.9622,83.28307,-735.5266,493.86462,94.825356,-789.08453,515.0281,101.19887,-702.2483,491.05453,113.851204,-776.0731,606.5745,891.23987,69.976456,481.18604,921.5061,-70.3878,843.0342,1012.7164,-291.65872,516.4007,1210.9331,-235.12796,582.753,1045.4291,381.03027,550.52936,1460.4264,207.03252,545.97296,1024.5258,450.39362,559.87213,1490.9667,240.60419,530.01843,1146.1548,385.56522,564.7778,1530.8369,15.071207
0028.png,tree_pose,384.52948,116.52563,-491.70435,398.6254,97.26017,-444.5602,407.79578,97.964806,-444.72018,413.93445,98.90748,-444.82434,372.78085,98.04909,-440.82367,364.67538,98.88588,-440.8776,358.16415,100.04417,-440.91904,429.78735,112.82073,-160.95566,348.0128,112.81397,-146.82687,402.5644,141.33267,-385.14053,370.6215,139.67511,-381.30145,498.46893,256.86145,-34.708206,275.10074,253.80269,39.615196,560.3554,420.93906,-299.51645,197.36658,420.2726,-209.45006,406.11423,370.8131,-771.35284,341.53558,373.4458,-717.23706,387.4371,336.9349,-862.2604,370.10794,337.7754,-822.1588,385.77963,324.75122,-825.1763,369.42038,325.71283,-788.42816,390.95074,331.27774,-761.7464,364.55225,334.0062,-712.2034,403.8773,597.0452,-66.78399,286.0453,577.65906,67.04519,383.11884,854.53656,-88.33784,76.24082,678.2493,-414.20624,339.54254,1103.1425,282.6758,311.30902,740.0061,171.14291,326.49182,1134.3656,307.60254,347.53503,716.13806,228.63669,330.3491,1180.6357,13.942171,351.7223,847.8344,110.76826
0029.png,tree_pose,576.89374,262.9719,-328.48315,587.8215,247.76418,-275.0571,594.7814,248.49118,-275.01468,602.25775,249.31123,-275.12103,565.5727,246.20712,-269.95602,557.1252,245.87425,-270.05554,549.37427,245.69487,-270.08508,613.7624,266.50937,-45.95969,536.44617,262.14566,-18.802729,589.65027,288.16122,-250.19344,563.72473,285.2653,-242.61328,659.5873,374.53094,-83.7795,489.4677,366.45154,43.973984,667.806,209.38799,-274.54993,489.49414,199.0133,-53.443027,592.6246,70.16937,-308.62735,542.59674,67.99249,-48.247192,578.93463,40.714718,-374.88034,559.041,42.90691,-126.06837,575.5496,41.87664,-358.38843,559.6551,40.857655,-100.345955,576.8824,52.484215,-313.337,556.62134,49.57265,-57.3712,609.7009,739.87555,-74.774605,498.20844,729.19696,74.79921,576.4035,1013.5446,-83.89645,276.5967,894.7656,-137.3974,526.8038,1253.1686,176.53235,492.46594,917.37683,511.57837,518.0711,1276.2494,188.64857,533.9507,898.0945,573.5206,527.6815,1335.0867,-99.40521,549.43097,987.4931,515.1659
0030.png,tree_pose,404.41306,331.26978,-319.52853,414.35577,308.13593,-258.30716,421.42648,308.09897,-258.31497,429.17093,308.49664,-258.56097,386.9259,308.81512,-272.07767,376.18753,309.36978,-272.1822,366.0781,309.9418,-272.27094,440.80804,322.5664,15.386734,355.08142,324.92432,-41.49466,420.29813,357.13242,-220.30685,388.56046,354.455,-237.3796,490.0554,439.16702,72.45572,312.60205,436.98428,-96.808136,511.24323,252.00223,-26.092838,302.59695,249.7402,-304.53784,424.19012,116.54505,-64.143105,382.0676,112.65574,-228.00288,409.20407,78.74433,-100.54365,392.08405,76.434875,-281.2504,404.59796,77.546196,-82.28768,391.67572,74.82072,-234.3526,407.41684,92.1374,-67.71133,390.8541,88.889534,-220.31017,470.37634,783.6125,61.53311,351.5691,801.41095,-61.413864,701.4139,943.3994,-223.69496,370.26053,1103.4093,-230.28798,441.63025,929.3023,402.16727,429.85947,1342.5961,177.67316,403.7841,909.10815,468.51315,441.84006,1372.9554,207.99442,392.435,1031.6656,408.68338,435.26764,1402.3274,-25.74095
0031.png,tree_pose,620.5554,303.20612,-330.23227,629.1686,296.74237,-283.9924,635.3015,297.7101,-283.96716,641.4588,298.93854,-284.01947,611.6626,298.0411,-278.5621,605.9895,299.5535,-278.68582,601.2148,301.3222,-278.90448,648.9202,320.5694,-103.9569,595.1291,322.62726,-74.72041,634.2831,320.7011,-270.10928,611.9676,320.72894,-262.112,700.4198,413.3196,-177.93184,551.253,413.24884,-79.87556,697.61884,259.67047,-368.3938,545.09503,261.37137,-218.3229,646.9521,119.51658,-411.2459,602.9165,125.66747,-239.70819,637.9719,90.500336,-466.5363,616.1425,97.2417,-306.63773,635.5334,91.789,-450.77808,616.50726,95.019196,-284.716,637.3016,102.899895,-415.83084,614.89026,106.17856,-246.76233,634.59985,723.65765,-60.537792,535.0676,706.6574,60.26115,601.7951,922.10046,-18.51695,360.7689,821.1889,-113.26546,577.91046,1104.5658,344.8556,531.17975,802.44904,603.86,569.3621,1128.987,373.66626,559.4154,791.9405,679.05347,553.42285,1163.2662,179.43503,558.6845,873.57446,691.478
0032.png,tree_pose,555.8063,282.84488,-266.55487,564.0154,262.54996,-210.85576,570.1623,262.54126,-210.88399,576.94037,262.94696,-211.123,539.8453,262.99554,-221.03816,530.36914,263.4768,-221.12254,521.6014,263.89514,-221.1855,587.4211,275.30737,34.1728,511.29257,277.39374,-6.1898837,569.0001,305.77658,-178.17644,542.0868,303.27606,-190.40535,629.0933,377.19388,80.42634,474.84042,376.84158,-43.87956,648.5565,215.00706,-7.5000615,467.04434,211.57172,-217.4476,568.5416,96.4814,-40.433575,536.25885,90.66957,-166.93594,555.972,65.92909,-75.32396,545.6055,61.180206,-216.99454,552.6802,64.019585,-59.294785,545.3026,59.90039,-174.9541,555.753,76.474,-43.81582,544.03625,71.639946,-160.71819,611.02405,676.7933,42.877377,510.26825,689.6212,-42.73708,807.7204,813.8474,-215.12114,526.24384,947.19653,-194.00665,586.70734,792.992,355.17432,577.785,1155.2976,187.05978,558.07654,771.1607,415.39902,587.7195,1180.5918,216.55814,538.14136,875.28687,353.92978,580.36035,1206.5684,10.669831
0033.png,tree_pose,222.64282,225.19115,-388.41992,230.41132,210.64018,-353.9091,234.98418,209.93097,-353.87357,238.80396,209.38585,-354.00623,214.12996,210.89554,-357.63516,206.99213,210.1227,-357.7097,201.2277,209.58722,-357.7742,246.85606,214.08315,-179.94649,197.68144,214.32729,-193.8421,234.05511,238.00621,-323.53442,215.81743,237.19693,-328.00186,280.10132,267.5865,-128.068,166.2539,266.69144,-195.74374,309.85938,168.90811,-232.67435,140.33516,166.70367,-342.7554,244.55334,77.28108,-293.9495,205.36299,81.209335,-349.64667,235.11009,55.701134,-325.54654,218.90466,58.076805,-392.20975,230.93314,57.1878,-309.898,219.76112,59.762516,-362.44525,232.58264,66.32192,-293.54703,217.5097,69.241745,-345.10748,262.0263,479.94183,33.147423,189.7571,497.27927,-33.265537,395.40262,558.42255,-221.75192,201.17793,643.0778,-184.77693,247.84492,559.0048,212.24301,231.00624,791.8653,106.76624,225.18054,546.10345,257.28973,239.84119,811.2737,129.21306,211.9006,615.3429,203.58156,220.99278,832.89465,-19.62697
0034.png,tree_pose,313.96136,340.69638,-605.5409,324.8295,321.89536,-555.511,331.01505,322.11798,-555.4944,338.91867,322.3005,-555.69635,299.30438,320.69122,-552.1536,289.502,320.26743,-552.3096,278.8111,319.7697,-552.459,348.20682,337.35843,-320.46674,270.86218,332.38422,-297.4411,326.8417,363.2319,-519.54144,297.57202,361.52527,-513.6142,398.2702,442.22687,-343.13907,230.07283,442.1312,-237.14847,428.87173,271.99866,-589.994,193.54631,270.91354,-383.30737,333.47888,130.23251,-640.8796,283.41013,136.73094,-429.521,316.5136,94.7729,-705.9962,297.1628,101.46555,-509.65936,311.58707,96.44001,-681.92645,296.96527,103.2237,-483.02774,314.49017,109.250534,-641.65826,295.0441,116.440094,-435.02365,356.42365,767.58307,-71.900856,244.00873,756.9851,71.88631,358.02432,1025.4838,-109.930016,75.38788,870.79846,-315.16953,347.836,1255.7891,173.76064,275.0688,969.6063,207.21078,342.91733,1283.7643,184.71292,307.9338,953.36066,251.41083,338.9159,1327.4766,-137.30945,332.9171,1067.0289,96.9895
0035.png,tree_pose,327.65253,331.4266,-476.6037,335.28043,313.8636,-432.94064,342.1308,313.69824,-432.96915,348.86108,313.8362,-433.1834,314.5124,314.61133,-443.12177,307.15564,314.77805,-443.23395,300.51828,314.74643,-443.32974,356.3171,326.17178,-225.02928,288.74167,327.32523,-267.34668,341.62833,350.48566,-400.31454,315.71548,348.8996,-413.00824,401.38235,414.046,-181.44934,250.8467,412.26678,-300.52655,426.2816,268.14035,-290.72345,232.55565,256.05228,-516.47107,365.09888,140.72006,-364.24042,313.2232,134.58998,-503.09195,354.12466,105.44778,-398.64694,331.0679,101.36984,-544.9537,348.9673,103.11127,-379.776,331.45898,101.536194,-499.75897,349.93576,117.08035,-365.31482,327.79895,114.28486,-493.64307,363.638,719.31836,60.299217,260.32648,729.93097,-60.492653,547.20306,847.8806,-201.82623,273.03885,953.74774,-167.4302,342.23166,818.37164,283.32468,290.04178,1147.173,194.54236,316.4423,795.136,336.66373,296.50284,1169.0415,224.23648,273.3193,862.00183,301.42606,291.7392,1207.3105,61.518692
0036.png,tree_pose,326.56735,247.16129,-223.12102,334.42297,230.6839,-192.26833,339.87256,230.35443,-192.21275,344.05515,230.19374,-192.30414,316.17874,231.57109,-186.59157,309.3225,231.8415,-186.67772,303.7328,232.12643,-186.74757,349.58344,235.0736,-60.72031,298.36447,237.23442,-29.924725,336.8941,263.22495,-176.95187,316.90936,266.14417,-168.28401,388.25394,310.3142,-103.95993,271.7143,310.91672,-8.540345,408.68802,193.78922,-262.93146,237.01561,202.9572,-96.696144,339.35513,109.58662,-276.06284,298.83975,113.38061,-86.22665,331.4905,80.525085,-319.11426,315.30835,76.44623,-136.31566,327.78702,80.971634,-298.9409,315.3721,79.49314,-105.44748,328.0531,92.69623,-274.72678,311.56265,95.55366,-86.04069,363.61752,538.6702,-53.61987,283.9231,535.0453,53.464725,347.7546,717.47675,-105.26675,150.12726,650.5191,-70.163155,331.6468,884.5199,49.58815,299.58627,701.499,335.55246,327.11942,901.6326,56.651688,319.92468,692.71313,374.07898,329.71268,927.12866,-120.044846,325.84924,764.00055,333.77924
0037.png,tree_pose,284.338,231.7828,-19.303015,279.77136,221.49646,-28.369705,277.33932,221.33714,-28.374022,274.74994,221.16092,-28.391726,285.64905,221.99295,-47.09142,287.34082,222.28052,-47.055344,289.2898,222.59094,-47.10812,268.43796,225.95778,-30.419687,289.65216,227.27434,-117.171455,280.616,240.75636,-12.985165,286.39124,241.19595,-37.793476,244.70146,279.49585,16.08926,302.4428,277.18292,-172.34557,222.00725,196.56873,74.699394,341.518,197.74309,-203.51917,276.1093,147.5338,63.961628,287.74564,138.19518,-163.03864,274.71786,128.35428,50.504074,287.1661,117.02822,-182.22128,275.99765,134.58844,34.658806,284.47604,124.7747,-185.27576,277.32635,140.89362,54.310566,284.57953,133.05994,-163.5029,272.32285,474.97202,68.881355,285.91592,474.28232,-69.45877,271.95645,604.3327,192.8711,326.1406,541.6803,104.811005,273.299,716.1467,250.67023,290.17944,542.3837,428.4178,271.9636,734.5991,255.47957,273.7932,515.6348,465.3841,284.84372,741.0505,241.78036,279.99158,555.56195,541.2675
0038.png,tree_pose,225.35025,249.55858,18.880602,220.88965,238.99562,14.178531,218.9736,239.33658,14.214747,217.05354,239.78973,14.237341,225.35408,239.00809,-2.3969436,226.51753,239.35759,-2.4375474,228.05505,239.92332,-2.581202,211.82877,246.82616,23.72794,228.64037,247.60234,-55.23285,223.17854,260.62674,27.61086,228.99417,261.43448,4.696895,181.81682,302.899,90.96039,237.30975,305.52496,-118.77225,175.06198,200.8683,135.86969,205.62106,216.0343,-161.31425,217.7854,124.67651,111.43854,222.22592,124.11762,-117.986435,217.75732,104.82019,98.85046,224.00284,102.70913,-143.49121,219.20776,104.76689,77.99457,222.22893,104.4382,-136.07927,218.91383,112.42753,98.41307,220.89935,113.82226,-115.790016,214.25032,492.99942,99.88914,228.89528,493.5667,-100.39169,211.76213,646.2573,132.6607,364.5101,552.13086,-189.89133,225.94673,743.3994,218.23494,233.65787,563.137,93.35414,215.21948,755.174,225.3845,223.45142,557.5528,126.46949,221.50418,819.5081,211.08209,224.09433,636.5097,193.0622
0039.png,tree_pose,489.76398,324.16415,73.02437,488.51956,308.72653,46.23339,486.50754,309.2763,46.309395,484.21432,310.16693,46.362545,494.7462,308.27136,46.1497,497.07245,308.62878,46.141945,499.6364,309.28784,45.985657,483.34036,321.83167,-6.900374,510.006,319.94073,-12.768689,488.37823,343.41788,63.726685,494.1196,343.0116,61.14799,441.72342,426.80695,-61.6784,546.92285,422.59677,0.029407943,397.78275,292.9741,-78.41478,586.2926,292.34454,-28.083101,488.9808,195.81688,-78.80055,505.9138,195.73412,-51.18141,487.59808,167.23587,-107.77076,503.14377,163.72237,-89.04721,491.06958,173.55374,-116.102554,501.17914,174.91394,-98.198616,491.9622,189.33925,-87.18895,500.92325,192.35008,-59.564163,475.85193,725.90015,-59.56189,510.59384,747.7956,59.410576,286.53006,832.2678,59.630722,505.35168,963.73517,139.08974,459.73685,823.0712,408.39905,464.2367,1199.0083,108.04816,482.1667,810.4014,446.75278,459.3501,1220.8993,102.36099,470.1933,859.31934,557.5025,452.57504,1222.989,53.26468
0040.png,tree_pose,339.96365,205.29343,-282.26508,344.62582,194.32355,-253.54234,349.03647,194.03381,-253.5441,352.70718,193.7911,-253.71767,330.88394,194.90501,-259.43893,325.26227,195.1654,-259.47903,320.8839,195.43271,-259.49533,357.29498,197.01625,-116.99538,315.7564,199.94096,-140.86383,348.56897,215.81226,-232.11919,331.3018,216.3296,-239.24112,387.6342,247.12892,-85.95371,294.6631,251.00703,-152.71306,402.52444,162.06668,-141.0333,269.84943,170.97498,-265.31387,343.99457,97.51796,-160.92657,317.53522,100.43313,-266.25266,331.66885,75.47333,-185.1786,322.23328,77.00598,-297.54343,328.26065,72.520744,-178.19382,321.9228,75.44107,-277.04846,331.581,82.54297,-163.53683,322.29437,85.36725,-264.42065,386.14542,422.6283,33.44484,322.92648,433.00262,-33.389565,498.41135,491.68127,-76.744316,341.5637,572.41724,-54.075615,394.67853,487.55652,256.2666,358.11917,690.0316,139.27257,374.67282,477.40234,290.75314,361.73727,702.11945,153.69173,366.00073,536.98773,268.83063,360.1345,722.1884,37.603428
